{
  "token": {
    "Decentralized Mail": "विकेंद्रीकृत मेल",
    "Compose": "लिखें",
    "Mailbox": "मेलबॉक्स",
    "Inbox": "इनबॉक्स",
    "Sent": "भेजा गया",
    "My Contacts": "मेरे संपर्क",
    "Contacts": "संपर्क",
    "Request": "कनेक्शन निवेदन",
    "All Requests": "सभी कनेक्शन निवेदन",
    "Search for...": "खोजें...",
    "Compose Mail": "मेल लिखें",
    "Subject": "विषय",
    "Message": "संदेश",
    "From": "द्वारा",
    "To": "के लिये",
    "Reply": "उत्तर दें",
    "Forward": "फॉरवर्ड करें",
    "Appearance": "दिखावट",
    "Logout": "लॉगआउट",
    "Email Sent": "ईमेल भेजा गया",
    "Could not send email": "ईमेल नहीं भेजा गया",
    "Request Accepted": "अनुरोध स्वीकार",
    "Request Rejected": "अनुरोध रिजेक्ट",
    "Copyright": "कॉपीराइट",
    "Accion Labs": "एसीयन लॅब्स",
    "Ready to Leave?": "छोड़ने के लिए तैयार?",
    "Click on \"Logout\" to end your current session.": "अपना वर्तमान सत्र समाप्त करने के लिए \"लॉगआउट\" पर क्लिक करें।",
    "Cancel": "रद्द करें",
    "Select a theme": "एक थीम का चयन करें",
    "Default": "डीफॉल्ट",
    "Dark Blue": "गहरा नीला",
    "New Request": "नया अनुरोध",
    "Send a connection request": "एक कनेक्शन अनुरोध भेजें",
    "Connection request sent!": "कनेक्शन अनुरोध भेजा गया!",
    "A connection request has been sent.": "कनेक्शन अनुरोध भेजा गया है।",
    "You'll be connected when the recipient accepts the request.": "जब प्राप्तकर्ता अनुरोध स्वीकार कर लेता है तो आप कनेक्ट हो जाएंगे।",
    "Back": "वापस",
    "Connection request could not be sent!": "कनेक्शन अनुरोध नहीं भेजा जा सका!",
    "Please try again later.": "बाद में पुन: प्रयास करें।",
    "Kindly enter the email address below and we'll send connection request to the recipient!": "कृपया नीचे ईमेल पता दर्ज करें और हम प्राप्तकर्ता को कनेक्शन अनुरोध भेज देंगे!",
    "Send Request": "अनुरोध भेजें",
    "Accept": "स्वीकारें",
    "Reject": "अस्वीकार",
    "Sent on:": "भेजा गया:",
    "No new contact requests!": "कोई नया संपर्क अनुरोध नहीं!",
    "Back to Dashboard": "वापस डैशबोर्ड पर",
    "Language": "भाषा",
    "Select a language": "एक भाषा चुनें",
    "Email": "ई-मेल",
    "Send": "भेजें",
    "Enter email address": "ईमेल पता दर्ज करें",
    "Enter email subject": "ईमेल विषय दर्ज करें",
    "Enter email body": "ईमेल बॉडी लिखें",
    "Enter Email Address...": "ईमेल पता दर्ज करें...",
    "0": "०",
    "1": "१",
    "2": "२",
    "3": "३",
    "4": "४",
    "5": "५",
    "6": "६",
    "7": "७",
    "8": "८",
    "9": "९",
    "00": "००",
    "01": "०१",
    "02": "०२",
    "03": "०३",
    "04": "०४",
    "05": "०५",
    "06": "०६",
    "07": "०७",
    "08": "०८",
    "09": "०९",
    "10": "१०",
    "11": "११",
    "12": "१२",
    "13": "१३",
    "14": "१४",
    "15": "१५",
    "16": "१६",
    "17": "१७",
    "18": "१८",
    "19": "१९",
    "20": "२०",
    "21": "२१",
    "22": "२२",
    "23": "२३",
    "24": "२४",
    "25": "२५",
    "26": "२६",
    "27": "२७",
    "28": "२८",
    "29": "२९",
    "30": "३०",
    "31": "३१",
    "32": "३२",
    "33": "३३",
    "34": "३४",
    "35": "३५",
    "36": "३६",
    "37": "३७",
    "38": "३८",
    "39": "३९",
    "40": "४०",
    "41": "४१",
    "42": "४२",
    "43": "४३",
    "44": "४४",
    "45": "४५",
    "46": "४६",
    "47": "४७",
    "48": "४८",
    "49": "४९",
    "50": "५०",
    "51": "५१",
    "52": "५२",
    "53": "५३",
    "54": "५४",
    "55": "५५",
    "56": "५६",
    "57": "५७",
    "58": "५८",
    "59": "५९",
    "60": "६०"
  },
  "regex": [
    ["Jan", "जनवरी"],
    ["Feb", "फ़रवरी"],
    ["Mar", "मार्च"],
    ["Apr", "अप्रैल"],
    ["May", "मई"],
    ["Jun", "जून"],
    ["Jul", "जुलाई"],
    ["Aug", "अगस्त"],
    ["Sep", "सितम्बर"],
    ["Oct", "अक्टूबर"],
    ["Nov", "नवम्बर"],
    ["Dec", "दिसम्बर"]
  ]
}
